단어/표현,뜻,예문,날짜(YYMMDD),담당
poach,1. To illegally hunt or fish on someone else's land.,China poaches more AI talent from the U.S. as it eyes the next ‘super-app’,260619,규영
frontier,The extreme limit of understanding or achievement in a particular area. (최첨단의),"Yao said Friday his vision for AGI will require foundational knowledge, products and frontier exploration.",260619,규영
untapped,"Not yet exploited, used, or tapped into.","“I don’t think ChatGPT or Claude will be the only super-app,” Yao said, saying untapped potential is in the “trillions of dollars.”",260619,규영
stave off,"To avert or delay something bad or dangerous from happening. (간신히 모면하다, 저지하다, (위기 등의 도래를) 지연시키다.)",The company called for an industry slowdown or pause in new model development to stave off disruption to society.,260619,규영
drawn (draw),"To pull or drag something; to attract someone's attention or interest. (당기다, (커튼을) 치다/걷다, (주의·비판·관심을) 끌다, 매혹하다.)",Anthropic has emphasized AI safety from its founding and drawn criticism from rivals that its safety warnings are designed to hobble competition.,260619,규영
hobble,"To restrict the activity or development of something; to hamper. (방해하다, 저해하다, 유효성을 떨어뜨리다.)",Anthropic has emphasized AI safety from its founding and drawn criticism from rivals that its safety warnings are designed to hobble competition.,260619,규영
That explains it,어쩐지,"That explains it, I thought it was strange.",260619,병찬
For some reason,왠지 모르게 (=I don't know why),"For some reason, I feel really exhausted today.",260619,병찬
It figures,"어쩐지 뻔하지, 그러면 그렇지",She didn't reply to your email? It figures.,260619,병찬
Back then,"그 당시에는, 예전에는",I used exercise every day back then.,260619,병찬
To overdo it,"행동, 운동, 노력 등을 과하게 해서 무리하다.",Don't overdo it at the gym today.,260619,병찬
To read the room,"상황 파악을 잘하다, 분위기 읽다.",You need to learn to read the room.,260619,병찬
To walk on eggshells,조마조마하다. 살얼음판을 걷게 하다.,I was walking on eggshells trying to explain to her why I came home that late.,260619,병찬
Relate to,공감하다,I can totally relate to that.,260619,병찬
Feel for Someone,안타깝게 여기다,I really feel for you.,260619,병찬
Stand,견디다. 참다,I can't stand his attitude.,260619,병찬
ingrained,"(Of habits, beliefs, or attitudes) firmly fixed and difficult to change.",the biggest barrier to getting real value from AI isn’t the technology or the workers themselves — it’s the ingrained culture of the organizations where they work.,260522,규영
norms,A standard or pattern of social behavior that is typical or expected of a group.,"Employees are ready to reinvent how they work, but the system around them—metrics, incentives, and norms—continues to reinforce the old way",260522,규영
capitalize,1. To take the chance to gain an advantage from something,"The takeaway: For companies to truly capitalize on the AI revolution,",260522,규영
overhaul,To take apart a machine or system in order to examine it and repair it if necessary; to make major changes to a system to improve it.,"leaders need to fundamentally overhaul how work is structured, managed, and rewarded, rather than simply handing workers new tools and expecting them to figure it out.",260522,규영
midway,"halfway through something, between two points or stages.",You’ve midway through a difficult conversation or negotiation.,260522,병찬
off-hand comment,"a remark made casually, without much thought or preparation — something said spontaneously, not planned.","The other person has just about pushed you to your limit, maybe with an off-hand comment or a string of subtle digs.",260522,병찬
string of subtle digs,"String of = a series of repeated things one after another
Subtle = not obvious, hard to notice
Digs = indirect insults or criticisms — not direct attacks, but little remarks that quietly put someone down","The other person has just about pushed you to your limit, maybe with an off-hand comment or a string of subtle digs.",260522,병찬
heart is racing,"your heart is beating very fast — usually because of excitement, fear, nervousness, or anticipation.",Your heart is racing.,260522,병찬
zinger,"a sharp, witty, or clever remark that is surprisingly funny or cutting",Your brain calls to mind that perfect zinger.,260522,병찬
Lost your footing,"suddenly lose your balance, stability, or control — either literally or figuratively.",There’s a way to catch yourself mid-sentence and pivot without looking like you’ve totally lost your footing.,260522,병찬
Cognitive friction,"The mental effort or resistance experienced by a user when an interface or system does not work as expected, or is difficult to understand.","Others raise concerns that AI users could be surrendering the cognitive friction that makes thinking sharp, and that as a society we may have fewer original ideas",260510,규영
Atrophy,"The gradual decline of a skill, ability, or quality due to lack of use. (물리적, 생물학적 또는 기능적 퇴화)","There's plenty of evidence that if you are not doing as much of the actual thinking, then your capability to do that kind of thinking is going to atrophy",260510,규영
Inherent,"Existing in something as a permanent, essential, or characteristic attribute.","Why do we think AI is going to be that different from other things that our brain has already adapted to?"" Benge says. ""It's not inherent to the tool to be good or bad",260510,규영
ephemeral AI,"Ephemeral means something that lasts only for a very short time — temporary, fleeting, quickly gone.","Unlike ephemeral AI chats, this method treats knowledge as a compounding asset, allowing the LLM to maintain indexes and relationships between files without needing complex infrastructure.",260510,병찬
takeaway,"means the main point, lesson, or conclusion you get from something",And it gives an explanation of what this video is about and what the takeaways are.,260510,병찬
It just figured it all out on its own.,"This means something (a person, animal, or system — here likely an AI) managed to solve or understand something completely, without any help or instruction — purely through its own process.",We never trained the AI model on that specific task — it just figured it all out on its own through pattern recognition,260510,병찬
It's way more simple than you may think.,,This app is way more simple than the old one.,260510,병찬
tireless,never getting tired or giving up — always working hard with endless energy and effort.,People on X are calling it a game changanger because it finally makes AI feel like a tireless colleague who actually remembers everything and it stays organized.,260510,병찬
hack,modify or customize something freely,"Hey, this is left vague so that you can hack it and customize it to your own project.",260510,병찬
Have big shoes to fill,To have to meet very high expectations set by a predecessor who was highly successful or respected.,Ternus certainly has big shoes to fill,260426,규영
hang over,"To remain as a source of worry, pressure, or a threat. (드리워져 있다. 가시지 않다)",The big question mark hanging over Ternus is Apple’s efforts in AI.,260426,규영
at its core,"At the most fundamental or essential level; in its most basic nature.(본질적으로, 핵심적으로, 내면 깊숙이, 속속들이.)",Ternus knows Apple at its core,260426,규영
building off,To use something as a base or starting point to create something more advanced or complete.,Cook found steady success in services building off existing products,260426,규영
volatile,"Liable to change rapidly and unpredictably, especially for the worse. (변덕스러운, 금방이라도 폭발할 것 같은.)","It’s up to Ternus to decide which path he will take, and whether Apple can create the next big thing in a volatile AI landscape.",260426,규영
Gasoline is a volatile liquid that should be stored with great care,,,260426,규영
Substrate,"The surface or material on which something else exists, grows, or is attached. (바탕, 기저층, (표면 아래의) 기초가 되는 층, 토대.)",reframe the device as a substrate for intelligent experiences,260426,규영
In a different level of,"Far superior to, or vastly different from, the typical examples of that category.","However, the current market feels like we're in a different level of uncertainty.",260426,병찬
near-term,"Happening in or relating to the immediate future (typically the next few weeks or months, usually up to one year).",I really don't spend a lot of time worrying about the near-term or getting excited about the near-term.,260426,병찬
Top Dog,"The most powerful, successful, or dominant person or company in a specific group.",number one is top dog and first mover in an important emerging industry.,260426,병찬
Bullish,"optimistic or confident about something — expecting it to grow, succeed, or improve.","if you had never heard of intuitive surgical, that should make you even more bullish.",260426,병찬
dissuade,to persuade someone not to do something — to talk them out of a plan or action they were considering.,I would never dissuade somebody in your channel or a friend of mine at a cocktail party.,260426,병찬
In bits and pieces,"an idiom that means gradually, in small parts, or in a fragmented/incomplete way — not all at once, but little by little.","I sell and it's usually my winners and I sell them off in bits and pieces, charitable reasons sometimes.",260426,병찬
A brief bout of,"A short period of time during which you experience a specific condition, emotion, or event (like an illness, a feeling, or a weather event).","A brief bout of physical exercise can create ""ripples"" of activity in your brain that help you store and retrieve memories.",260419,병찬
Fickle,"Changing frequently, especially as regards one's loyalties, interests, or affection.",Memory can be such a fickle thing.,260419,병찬
brisk,Quick and active; marked by speed and energy.,jump on an exercise bike for a few minutes or take a brisk walk.,260419,병찬
benefit (as a verb),,There's a reason to stay active because you will benefit more every time.,260419,병찬
reap,"To gather, receive, or enjoy the rewards of an action.","If you stick with exercise for six weeks, you will reap bigger benefits from any further sessions.",260419,병찬
prompt,Noun. A set of instructions given to a computer system or AI.,"It found the tool can outperform humans at some hacking and cyber-security tasks, which has prompted discussions by regulators, legislators and financial institutions about the dangers it could pose to digital services.",260419,규영
encompass,To include different types of things; to surround or cover something completely.,It encompasses the company's AI assistant and family of models,260419,규영
dormant,Not active or growing but having the ability to be active at a later time.,They found the tool could locate dormant bugs lurking in decades-old code and easily exploit them.,260419,규영
exploit,Verb. To make use of a situation or person in a way that is considered unfair; or to make full use of a resource.,They found the tool could locate dormant bugs lurking in decades-old code and easily exploit them.,260419,규영
unearth,To find something that was hidden or lost; or to dig up something out of the ground.,"Mythos could unearth critical vulnerabilities much more quickly than other AI models had ""really shaken people"".",260419,규영
breach,"An act of breaking or failing to observe a law, agreement, or code of conduct; or a gap made in a wall or barrier.",Most hackers do not need super AI tools to breach systems,260419,규영
Inference,A conclusion reached on the basis of evidence and reasoning,"“So much more room to optimize AI inference for speed, memory usage, power consumption, and multi-tenant utilization,” he said in a post on X on Wednesday.",260413,병찬
blistering,"Extremely fast, intense, or forceful",Memory stocks’ blistering rally,260413,병찬
unprecedent,Never done or known before; without previous example,"Significant demand coupled with a shortage of supply, has pushed memory prices to unprecedented levels and supported profits for Samsung, SK Hynix and Micron.",260413,병찬
de‑risk,"To make a situation, investment, or process less risky by identifying potential threats and creating ""safety nets.""","It does not alter the industry’s long‑term demand picture. In a market primed to de‑risk, even an incremental development can be taken as a cue to lighten up.”",260413,병찬
coupled with,"Linked to, combined with, or occurring at the same time as something else.","Significant demand coupled with a shortage of supply, has pushed memory prices to unprecedented levels and supported profits for Samsung, SK Hynix and Micron.",260413,병찬
fall under,"To be classified as part of a particular group, category, or jurisdiction;","The approval, which falls under the UN R-171 regulation for Driver Control Assistance Systems, comes after more than 18 months of testing and is currently valid only in the Netherlands",260413,규영
provisional validity,Legal or official validity that is temporary and subject to change or final confirmation later.,European type approval with provisional validity in the Netherlands,260413,규영
stress,noun. A state of mental or emotional strain.,The Dutch authority stressed that FSD Supervised is a driver assistance system — not an autonomous or self-driving system,260413,규영
Exemption,The action of freeing someone or something from an obligation or liability imposed on others.,Tesla submitted documentation covering more than 400 compliance requirements under UN R-171 and Article 39 exemptions.,260413,규영
explicit,"Stated clearly and in detail, leaving no room for confusion or doubt.",The RDW’s statement is explicit: FSD Supervised “can take over many driving tasks” but the vehicles “are NOT autonomous or self-driving.”,260413,규영
intervene,To intentionally become involved in a difficult situation in order to improve it or prevent it from getting worse.,"The driver’s hands don’t need to rest on the steering wheel, but the driver must be able to intervene immediately.",260413,규영
going public,The process where a private company (owned by its founders and a few investors) becomes a public company by selling its shares to the general public on a stock exchange (like the New York Stock Exchange or Nasdaq),"As SpaceX potentially readies to begin the progress of going public in the coming days, investors already have funds to play it.",260329,병찬
Public Offering Prospectus,"A formal, legally required written document that provides full details about an investment offering for sale to the public.",The Information reported Tuesday that the Elon Musk-run startup is looking to file its initial public offering prospectus with regulators as early as this week.,260329,병찬
Vying,Competing eagerly with someone in order to achieve something; fighting for superiority or a specific prize.,SpaceX has reportedly been looking at a Nasdaq listing while vying for early entry into the Nasdaq 100 index.,260329,병찬
accounts for / nearly a quarter,"Makes up, represents, or is responsible for almost 25% of the total amount.","SpaceX also accounts for nearly a quarter or the Baron Focused Growth Fund (BFGIX). Tesla follows, representing just over 6% of holdings.",260329,병찬
Come off,Having just completed or experienced something (usually a successful or intense period).,"But the fund is coming off three years of double-digit gains, Morningstar said.",260329,병찬
bottom quartile of,The lowest 25% of a group when everything is ranked from best to worst (or highest to lowest).,"The fund added nearly 12% in 2025, but was among the bottom quartile of comparable offerings, per Morningstar.",260329,병찬
Multi Tenant,An architecture in which a single instance of a software application or a hardware resource serves multiple customers or users.,"So much more room to optimize AI inference for speed, memory usage, power consumption, and multi-tenant utilization",260329,규영
blister / blistering,Blister,Memory stocks’ blistering rally,260329,규영
Profit-taking,The act of selling an asset (like stocks) that has risen in value to lock in the profit.,Analysts said the moves this week on memory stocks have largely been driven by profit-taking,260329,규영
primed to,To be made ready for a specific purpose or action; to be in a state where one is very likely to do something soon.,"In a market primed to de‑risk, even an incremental development can be taken as a cue to lighten up",260329,규영
lucrative,Producing a great deal of profit; highly profitable.,"How the red-hot AI data center boom is igniting demand for a new, lucrative career path",260322,병찬
funnel,"a tube or pipe that is wide at the top and narrow at the bottom, used for guiding liquid or powder into a small opening.","Big Tech is funneling billions into building out these specialized facilities, with the four hyperscalers, Alphabet, Microsoft, committing nearly 700 billion in combined capex spending this year to fund these developments.",260322,병찬
reached a fever pitch,"To become extremely intense, exciting, or agitated. It describes a situation that has reached its highest level of emotion or activity.","While anxiety around AI replacing white-collar jobs has reached a fever pitch, the data center boom is creating lucrative opportunities for skilled trade workers.",260322,병찬
displace,To take the place of someone or something; to force something out of its usual or original position.,generative models will displace white-collar jobs.,260322,병찬
retro / fitting,"The act of adding new components, technology, or features to an existing structure or system that did not have them when it was originally built.","Mathews noted “massive growth areas specific to labor” as a result of these retrofitting requirements, with network engineers, electricians, mechanical engineers, and plumbing and heating contractors deployed to install new liquid cooling systems.",260322,병찬
Moat,"1. A deep, wide ditch surrounding a castle or town",Jensen Huang doesn’t need a new chip. He needs a new moat,260322,규영
agnostic,Hardware or software that is compatible with many different systems,"At Nvidia’s annual developer conference, GTC, Huang launched NemoClaw, an open-source, chip-agnostic platform for building and deploying AI agents – autonomous software programs at the center of the latest advancements in the industry.",260322,규영
Monetize,To utilize something as a source of profit;,Nvidia gives away the layer that drives adoption and monetizes what sits beneath it,260322,규영
playbook,A set of rules or suggestions that are considered to be useful for winning or for achieving success,Huang is following that playbook — he isn’t charging for NemoClaw,260322,규영
Weigh in,"To join a discussion or argument by offering your help, advice, or opinion.",“You don’t get to weigh in on that.”,260308,병찬
vocally criticized,"To express disapproval or find fault with someone or something in a public, loud, or very direct manner.","Altman has been vocally criticized, including by some OpenAI employees",260308,병찬
Cease,To come to an end or to bring something to an end; to stop happening or existing.,President Donald Trump also directed every federal agency in the U.S. to “immediately cease” all use of Anthropic’s technology.,260308,병찬
Oust,"To drive out or expel someone from a position or place, often by force or through a formal legal or political process.","Anthropic’s AI was reportedly used in the Iran strikes over the weekend as well as for the capturing of ousted Venezuelan leader Nicolás Maduro and his wife, Cilia Flores, in January.",260308,병찬
Concede,"To admit that something is true or valid after first denying or resisting it; or to surrender or yield something (like a goal, a point, or a victory).","Altman has defended OpenAI’s contract in various social media posts, though he conceded that it looked “looked opportunistic and sloppy” and that the company “shouldn’t have rushed to get this out on Friday.”",260308,병찬
surveillance,"The careful and continuous watching of a person or place, especially by the police or army, because of a crime that has happened or is expected.","The company wanted assurance that its models would not be used for fully autonomous weapons or mass surveillance of Americans, while the DOD wanted Anthropic to agree to let the military deploy the models across all lawful use cases.",260308,병찬
heated,"Characterized by strong emotion, intensity, or anger (especially in a discussion or argument).","Altman and Musk, two of the co-founders of OpenAI, are engaged in a heated legal battle that’s slated to go to trial next month.",260308,병찬
adjunct professor,"A professor who is hired on a contractual, part-time basis rather than being a full-time member of the faculty. Often, they have a primary career outside of the university.","dietitian Dr. Michelle Cardel, chief nutrition officer at WeightWatchers and adjunct professor at the University of Florida.",260308,규영
dietitian,An expert on diet and nutrition who helps people promote health and manage disease through specialized meal planning.,"dietitian Dr. Michelle Cardel, chief nutrition officer at WeightWatchers and adjunct professor at the University of Florida.",260308,규영
longevity,Long life; the ability to last for a long time: Especially referring to a person's life span,balancing protein with fiber intake is going to be really important when thinking about longevity and optimizing health and well-being across the lifespan,260308,규영
go overboard,To do something to a greater degree than is necessary or reasonable: To overdo something.,going overboard on protein and not balancing it with fiber could lead to weight gain or digestive problems.,260308,규영
constipation,A condition in which there is difficulty in emptying the bowels: Usually associated with hardened feces.,One of the common signs is constipation,260308,규영
soluble / insoluble,Able to be dissolved: Especially in water.,There are two types of dietary fiber: soluble and insoluble.,260308,규영
First kind & Second Kind,Refers to the initial category or type in a list of several different classifications or groups.,There are two kinds of Claude users now. The first kind chats. The second kind delegates.,260302,병찬
Delegate,"(Noun - /ˈdelɪɡət/): A person chosen or elected to represent a group, typically at a conference or meeting.",The second kind delegates.,260302,병찬
Scatter,Occurring or found at intervals or in various locations rather than all together; spread over a wide area.,draft a report from these scattered notes.,260302,병찬
Stark,Adjective: Unpleasantly clear or impossible to avoid (harsh); simple or bare in appearance (austere); or showing a very large and obvious difference (distinct).,The practical difference is stark.,260302,병찬
tedious,"Too long, slow, or dull; tiresome or monotonous","The kind of tedious, structured work that sits at the intersection of ~",260302,병찬
Sandbox,"Running a program or AI in a restricted, isolated digital environment so it cannot access or damage the rest of the computer system.",The core capability is simple: file system access in a sandboxed environment.,260302,병찬
mundane,"Lacking interest or excitement; dull. It often refers to routine, everyday tasks that are not special or creative.","This sounds mundane until you realize how much time knowledge workers spend sorting downloads, organizing project files, or standardizing file names across a folder. Cowork handles this in minutes.",260302,병찬
rattle,"To make someone nervous, worried, or confused","The U.S.-Israel conflict with Iran is extending into its third day with each side doubling down on sharper responses in the days ahead, deepening fears of a wider war that could rattle the global economy.",260302,규영
Gulf countries,"The countries bordering the Persian Gulf. In a geopolitical context, it usually refers to the six members of the Gulf Cooperation Council (GCC): Saudi Arabia, Kuwait, the United Arab Emirates, Qatar, Bahrain, and Oman.","Tehran has struck back with missiles and drones against Israel and Gulf countries that host U.S. military bases, including the United Arab Emirates, Qatar, Kuwait and Saudi Arabia.",260302,규영
designate,To officially choose someone or something for a particular purpos,he had not publicly designated a successor.,260302,규영
Comprising,"To be made up of, To make up or form something","A council comprising Iranian President Masoud Pezeshkian, the judiciary head and a member of the Guardians Council, has temporarily assumed leadership duties on Sunday.",260302,규영
parse,To analyze a string of symbols (data) or text,traders parsed risks of a drawn-out conflict and a major oil supply disruption.,260302,규영
Casualty,A person killed or injured in a war or accident:,U.S. President Donald Trump has warned that there might be more American casualties as the operations unfold.,260302,규영
Opt in,To choose to take part in something or to agree to be involved in a specific activity (usually by giving formal permission).,"Starting later on Friday, users who opt in can message the AI agent through Baidu’s main search app to complete tasks.",260208,병찬
Rollout,"The official launch or introduction of a new product, service, or system, often happening in stages rather than all at once.","The rollout comes just days ahead of China’s Lunar New Year holiday, as Chinese internet tech giants race to attract new users.",260208,병찬
Surged in,"To have a sudden, powerful, and rapid increase in a particular quality, amount, or state (like popularity or price).",AI agents such as OpenClaw have surged in popularity recently for their ability to automate tasks.,260208,병찬
unfettered,Not limited or restricted; completely free.,Cybersecurity firms including CrowdStrike have warned the public about granting OpenClaw unfettered access to enterprise systems.,260208,병찬
most talked-about,"Something or someone that is attracting the most attention, discussion, or controversy at a particular time.","Through several name changes, adoption across Silicon Valley to Beijing, and mounting controversy, the open-source AI agent now known as “OpenClaw” has emerged as one of the most talked-about tools in the artificial intelligence space this year.",260208,규영
mounting controversy,"A disagreement or argument that is steadily increasing in intensity, scale, or seriousness.","Through several name changes, adoption across Silicon Valley to Beijing, and mounting controversy, the open-source AI agent now known as “OpenClaw” has emerged as one of the most talked-about tools in the artificial intelligence space this year.",260208,규영
ascension,1. The act of rising or moving to a higher level or position.,"Its sudden ascension(혜성같은 등장), driven by its capabilities and social media attention, comes amid growing interest in AI agents that can autonomously complete tasks, make decisions, and take actions on behalf of users without constant human guidance.",260208,규영
Mainstream consciousness,The shared awareness or understanding of a topic by the majority of people in a society.,"Until recently, AI agents have failed to reach mainstream consciousness in the same way large language models did following the emergence of OpenAI’s ChatGPT, but OpenClaw could signal a shift.",260208,규영
tech-savvy,"Well-informed about or proficient in the use of modern technology, especially computers and the internet.","To use OpenClaw, one has to install it on a server or local device and connect it to a large language model such as Anthropic’s Claude model or ChatGPT— a process that might be difficult for less tech-savvy users.",260208,규영
lethal trifecta,"A combination of three things that causes extreme damage, failure, or death. It describes a situation where three negative factors converge to create a ""perfect storm.""","Security experts, however, have raised alarms. Cybersecurity firm Palo Alto Networks, for example, warned that the AI agent presents a “lethal trifecta” of risks stemming from its access to private data, exposure to untrusted content and ability to perform external communications while retaining memory.",260208,규영
upvote (downvote),"An act of registering approval of or support for a post or comment on a social media site or forum, typically by clicking a specific icon (usually an upward-pointing arrow).","The platform functions like an online forum, similar to Reddit, where users’ OpenClaw agents post written content and interact with other chatbots through comments and upvotes or downvotes.",260208,규영
Plunge,to fall or drop suddenly and sharply.,"Gold and silver prices plunged Friday, as President Donald Trump’s nomination for the next chair of the Federal Reserve, Kevin Warsh, appeared to relieve concerns about the central bank’s independence and sent the dollar soaring.",260201,병찬
Silver futures,contracts to buy or sell silver at a fixed price on a specific future date.,"Silver futures plummeted 31.4% to settle at 78.53, marking its worst day since March 1980.",260201,병찬
gained steam,"to grow stronger, faster, or more popular over time.","However, they gained steam in afternoon U.S. trading as investors who piled into the metals raced to book profits.",260201,병찬
Piled into,"to move into it in large numbers, quickly and enthusiastically.","However, they gained steam in afternoon U.S. trading as investors who piled into the metals raced to book profits",260201,병찬
greenback,the US dollar (USD).,metals would replace the greenback as the globe’s reserve currency.,260201,병찬
Front-runner,"the person, company, or option that is currently leading and most likely to win or succeed.",but Warsh became the front-runner in prediction markets in recent days.,260201,병찬
honorable discharge,A release from military service with a favorable record. It indicates that the service member performed their duties satisfactorily and met or exceeded the required standards of conduct.,"“It’s time to basically bring the Model S and X programs to an end with an honorable discharge,” Musk said.",260201,규영
slashed,"1. To greatly reduce an amount, price, or quantity.","After the original Roadster, the two models are Tesla’s oldest vehicles, and in recent years the company has slashed prices as global competition for electric vehicles has soared.",260201,규영
bipedal,Using only two legs for walking. It comes from the Latin words 'bi-' (meaning two) and 'ped-' (meaning foot).,"Tesla is developing Optimus with the aim of someday selling it as a bipedal, intelligent robot capable of everything from factory work to babysitting.",260201,규영
accounted for,1. To form a particular amount or part of something.,"Tesla’s far more popular models are the 3 and Y, which accounted for 97% of the company’s 1.59 million deliveries last year",260201,규영
Laud,to praise someone or something highly and publicly,"A landmark trade deal between the European Union and India has been lauded as a major breakthrough for Europe’s biggest carmakers, although analysts have flagged competition concerns in one of the world’s fastest growing markets.",260125,병찬
Amid,in the middle of / during / surrounded by something (usually something happening at the same time).,"The long-pending agreement, which comes as both sides seek to strengthen ties amid U.S. tensions, includes slashing tariffs on imports of EU-made cars to 10% from as high as 110% under a quota of 250,000 vehicles per year.",260125,병찬
off by,different from the correct or expected amount.,"Europe’s Stoxx Automobiles and Parts index traded nearly 1% lower on the news, however, with Volkswagen, BMW and France’s Renault all off by around 1.3% during morning deals.",260125,병찬
To be sure,"used to acknowledge a point as true before introducing a contrast, clarification, or limitation.","To be sure, India represents the world’s third-largest market for passenger cars worldwide and auto industry groups expect tax cuts, particularly for smaller vehicles, to stimulate the country’s market significantly in 2026.",260125,병찬
in favour of,"supporting, approving of, or preferring something.","With this agreement, Europe is sending a clear signal in favour of rules-based trade and against the law of the jungle,” he added.",260125,병찬
boon,"something that is very helpful, beneficial, or advantageous.",‘A boon to European automakers’,260125,병찬
crux,the most important or decisive point of an issue; the core of the problem.,"That’s the first thing and this is probably the crux of why they would do something like this at this point,” Hsiao told CNBC on Tuesday.",260125,병찬
obsolete,No longer produced or used; out of date because something newer and better has been invented.,It’s ‘a fear of becoming obsolete’,260125,규영
vex,"To annoy, frustrate, or worry someone,",Other therapists said the technology is also vexing their patients.,260125,규영
go deeply into,"To examine, investigate, or explain something in great detail; to explore the complexities of a subject.","It goes deeply into questions of personal value, which is all very unsettling",260125,규영
Underneath,"1. Directly below or beneath something else, often being covered by it.","Underneath these feelings is usually “a younger part that’s terrified of being left behind or not being ‘enough,’ and that fear gets amplified because the technology itself feels so fast and out of our control,”",260125,규영
grieve,"To feel or show great sorrow or distress, especially because of someone's death or a significant loss","Allow yourself to grieve and comfort the parts of you that feel shocked, hopeless and afraid right now",260125,규영
disruptive,1. Causing trouble and therefore stopping something from continuing as usual. (Negative),But the disruptive and uncertain moment can also be a chance for reflection,260125,규영
a sense of agency,"The subjective awareness that one is initiating, executing, and controlling one's own volitional actions in the world. It is the feeling of being in the ""driver's seat"" of your own life.","Learning enough about AI to understand where it genuinely alters work, and where it does not, often restores a sense of agency",260125,규영
Drain,Literal meaning: remove liquid,"She advises writing down what's working in your life, what's draining you or no longer fits, and where are you running on autopilot.",260118,병찬
sets someone up for a fall,“Set someone up” → put them in a particular situation,"Promising yourself ""I'll always go for a run on a Wednesday"" or ""I'm never drinking again"" just sets you up for a fall.",260118,병찬
relapse,to return to a bad condition or behavior after a period of improvement.,Plan for relapse,260118,병찬
slip up,"to make a small mistake, usually unintentionally","If you slip up, ""the most helpful response is curiosity rather than criticism"" and instead of waiting for the following week or next month to start again, you should treat every day as a reset.",260118,병찬
whereby,"""By which"" or ""through which."" It is a conjunction used to introduce a clause that explains how something is achieved or the method by which something happens.",The two companies noted they have entered into a multi-year contract whereby Apple will use Google’s Gemini model and cloud computing technology to power AI features.,260118,규영
tease,"1) To laugh at someone or say unkind things to them, either because you want to joke with them or because you want to upset them.","The move could help Apple accelerate the release of its more advanced, AI-powered version of its Siri voice assistant, which was delayed after first being teased at the company’s 2024 Worldwide Development Conference.",260118,규영
rocky years,"A period of time characterized by instability, difficulties, or uncertainty. It refers to a situation that is not going smoothly, much like a road full of large rocks that makes driving difficult.","Apple is betting on added AI capabilities, including the updated Siri, to boost device sales after several rocky years for the iPhone.",260118,규영
elephant in the room,"An obvious major problem or issue that people are avoiding discussing or acknowledging because it is uncomfortable, sensitive, or embarrassing.",This is what the Street has been waiting for with the elephant in the room for Cupertino revolving around its invisible AI strategy,260118,규영
incorporate,"To include something within a larger group, system, or plan so that it becomes a part of it.",Apple was planning to pay around 1 billion per year to incorporate Gemini into the updated version of Siri,260118,규영
off guard,To catch someone off guard = to surprise someone because they were not prepared or not expecting something.,"A company can catch its competitors off guard by launching surprise attacks, such as new product launches, aggressive marketing campaigns, or acquisitions.",260111,병찬
Relentless drive,"an intense, continuous determination to achieve a goal, without giving up or slowing down","This “spirit” can manifest in various ways, such as innovative thinking, customer-centricity, and a relentless drive for excellence.",260111,병찬
Coalitions,"groups of different people, parties, or organizations that temporarily work together toward a common goal.","These coalitions can provide access to new markets, shared resources, and a stronger competitive position.",260111,병찬
Complacent,being too satisfied with the current situation and therefore not trying to improve or prepare for risks.,A company that becomes too complacent or arrogant in its position of dominance may become vulnerable to competitors.,260111,병찬
differentiators,"Factors or characteristics that make a product, service, or company different from and better than its competitors.",NVIDIA's pivot toward AI at scale and AI systems as differentiators will help keep it way ahead of rivals,260111,규영
profound shift,"A deep, fundamental, and significant change in the way something is done, thought about, or organized.","Alpamayo represents a profound shift for NVIDIA, moving from being primarily a compute to a platform provider for physical AI ecosystems",260111,규영
long tail of the distribution,"The ""tail"" is the part of a list or graph where things happen very rarely. The ""long tail"" means there are so many of these rare things that they become a big problem (or opportunity) to handle",What they will find is that it's easy to get to 99% and then super hard to solve the long tail of the distribution.,260111,규영
overhyped,To publicize or promote something excessively; so much that the actual quality or value does not meet the high expectations.,"It became the first company to reach 5tn in October, but has lost value over concerns about whether demand AI is overhyped",260111,규영
be about to,To be on the point of doing something. to be ready to do something very soon,"it tells you what it's going to do, and it reasons about what it's about to do",260111,규영
a close ally of,"someone or a group that has a strong, trusted, and cooperative relationship with X","Isaacman, a close ally of SpaceX CEO Elon Musk, told CNBC’s “Closing Bell Overtime” that Trump’s recommitment to exploring the moon is key to unlocking the “orbital economy.”",251228,병찬
saga,"a long, complicated series of events, often involving conflict, problems, or drama.","Isaacman’s comments on Friday were some of his first public remarks since being confirmed to his position by the Senate last week, after a long saga throughout 2025.",251228,병찬
Propel,"to push or drive something forward, often quickly or powerfully.",The campaign was propelled after Trump’s One Big Beautiful Bill Act allocated 9.9 billion to NASA earlier this year.,251228,병찬
water down,To dilute: To make a liquid thinner or weaker by adding water.,EU waters down plans to end new petrol and diesel car sales by 2035,251228,규영
Lobby,"To try to persuade a politician, the government, or an official group that a particular law or situation should be changed or maintained.","Current rules state that new vehicles sold from that date should be ""zero emission"", but carmakers, particularly in Germany, have lobbied heavily for concessions.",251228,규영
concessions (kənˈseSH(ə)n),A point that you willingly yield to the other side because you want to reach a deal.,"Current rules state that new vehicles sold from that date should be ""zero emission"", but carmakers, particularly in Germany, have lobbied heavily for concessions.",251228,규영
undermine,To weaken something secretly or gradually from the base,Opponents of the move have warned that it risks undermining the transition towards electric vehicles and leaving the EU exposed in the face of foreign competition.,251228,규영
breathing space,A pause in a difficult situation that allows you to recover or think.,"Policy makers must provide breathing space to manufacturers to sustain jobs, innovation and investments",251228,규영
sound,"Financially secure: (Business) Robust, stable, and not at risk of failing.","German carmaker Volkswagen welcomed the European Commission's draft proposal on new CO₂ targets, calling it ""economically sound overall"".",251228,규영
a slew of,a large number or a lot of something,"The photo, released on Friday along with a slew of other files, shows a desk displaying a large assortment of framed and unframed photographs and other items.",251207,병찬
Lawmakers,"people who make, amend, or vote on laws.",Lawmakers on Saturday were quick to note that the image was missing from the DOJ website.,251207,병찬
redact,remove or hide sensitive or confidential information from a document before it is shared.,The DOJ said in a post on X late Friday that it wasn’t “redacting the names of any politicians” and cited comments made by Blanche reiterating such.,251207,병찬
consistent string of,"a continuous, unbroken sequence of similar events, achievements, or problems.","Apple for decades has been known for a consistent string of design-forward, tech-defining consumer products that have shaped how people use technology.",251207,규영
at a crossroads,being at a point in time when a critical decision must be made that will have far-reaching consequences.,"Now the company known for its steadiness is going through a shakeup at the top, as both Apple and the tech industry at large are at a crossroads.",251207,규영
niche product,"a good or service that serves a specific, small, and specialized market segment.","And Apple’s expensive Vision Pro headset, the first new computing category the company has introduced since the decade-old Apple Watch, is still a niche product.",251207,규영
juggernaut,"a massive, inexorable force or object that crushes everything in its path. In a figurative sense, it refers to a huge, powerful, and overwhelming organization, campaign, or movement that cannot be stopped.",The iPhone is still a juggernaut,251207,규영
rip the Band-Aid off,"to do something that is going to be painful, difficult, or unpleasant quickly, rather than delaying it and drawing out the agony.",This is against the typical culture of Apple. But they need to rip the Band-Aid off,251207,규영
cogs in a wheel,"an individual who is just one small part of a much larger system or organization, and not very important by themselves.",His 2015 Ted Talk ‘The way we think about work is broken’ implored listeners to stop thinking about employees as simply cogs in a wheel and look for a deeper meaning to try and make work more satisfying.,251202,병찬
signpost,"to clearly indicate, highlight, or point out something so people can understand what is coming next.","They climb the ladder and see it as an experience of progress and growth, signposted by promotions, pay rises and more responsibility.",251202,병찬
permeate,"to spread through something, to exist everywhere inside it, or to deeply influence it.","employees should feel that they are contributing to a powerful, overarching mission, that should permeate through their everyday tasks so they feel as though they are part of something bigger than themselves.",251202,병찬
Deadly (Inflected form: deadlier; deadliest),Adj. Causing or likely to cause death. Extremely dangerous.,Hong Kong has suffered its deadliest fire in decades,251202,규영
blaze,To burn fiercely and brightly.,"Wan watched television in his home, unaware of the danger blazing his way",251202,규영
engulf,To completely surround or cover something; to overwhelm.,"Throughout the next few hours, horrified onlookers watched as the complex – home to more than 4,000 people, many of them elderly – rapidly became engulfed in flames",251202,규영
devastation,Severe and widespread destruction or ruin; great desolation or overwhelming grief.,"By nightfall, the scale of the devastation was becoming clear.",251202,규영
fend off,to defend yourself from something / to prevent something unpleasant or unwanted,"driven by investor confidence in its ability to fend off the threat from OpenAI, the developer of ChatGPT.",251123,병찬
slippage,a delay or shortfall compared to the planned schedule or target,"While the company maintains its target of reaching net zero emissions by 2030, the CEO acknowledges there will be slippage, saying",251123,병찬
Yet,“However” / “Nevertheless” / “But still” → It connects two contrasting ideas.,"These chips form the computational backbone of AI systems, processing the vast calculations required to train and run machine learning models. Yet questions about market sustainability continue to mount.",251123,병찬
flurry,n. a brief and light snowfall,,251123,규영
a flurry of : A large number of things happening suddenly and within a short period of time.,,Saudi Arabia is strengthening its ties with American AI companies — announcing a flurry of new joint ventures worth billions of dollars.,251123,규영
de facto,"Existing or being something in fact, although not officially recognized or legally established.","The country seeks to make its mark in the AI industry as its de facto leader, Crown Prince Mohamed bin Salman, makes his first visit to the United States in years.",251123,규영
sovereign,"n. A supreme ruler, especially a king or queen.",Humain — an AI company backed by Saudi Arabia’s sovereign wealth fund — announced a series of partnerships with prominent American tech companies,251123,규영
firm up,"To make something more definite, clear, or settled.",Saudi Arabia is trying to further firm up ties with the United States and shift its economy away from oil.,251123,규영
redemption,"The act of saving or being saved from sin, error, or evil.",The investment from Saudi Arabia also plays a major part in Prince bin Salman’s redemption in the United States,251123,규영
leap,"a common metaphor meaning a big or sudden improvement, change, or move forward.","The next leap in telecom isn’t just from 5G to 6G - it’s a fundamental redesign of the network to deliver AI-powered connectivity, capable of processing intelligence from the data centre all the way to the edge.",251116,병찬
matters,means “is important” or “has significance.”,This architecture matters because it reduces latency for applications that cannot tolerate delays,251116,병찬
A significant step forward,"an important improvement, progress, or advancement toward a goal.","Renewing our 5G partnership with Nokia marks a significant step forward in delivering seamless, high-performance connectivity to our customers.",251116,병찬
on the horizon,Likely to happen soon; expected in the near future.,the artificial intelligence industry’s data centers are increasingly a target for blame with U.S. mid-term elections on the horizon.,251116,규영
Harbinger,Something that foreshadows or announces what is to come.,The governor’s race could be a harbinger of political headwinds for the AI industry’s data center buildout with the mid-term elections just a year away,251116,규영
affordability,The degree to which something is affordable;,It is an extremely large component of the affordability crisis we’re experiencing right now,251116,규영
heighten,,Fears of an artificial intelligence bubble have heightened this week after U.S. technology shares slumped.,251109,병찬
wobble,,"This week’s equity market wobble, which saw a retreat in U.S. artificial intelligence-related stocks amid ongoing concerns over stretched valuations, has thrust contagion fears into the spotlight for global investors.",251109,병찬
alert,"Being watchful, quick to notice things, or ready to act.","We have to be very alert to these risks,” Bailey said",251109,병찬
loom,"to appear as a large, unclear, or threatening shape; to seem likely to happen soon, often in a worrying way.",Why human-shaped robots loom large in Musk's Tesla plans,251109,규영
whopping,"extremely large; surprisingly big in size, amount, or degree.",One of the many tasks Musk must complete to get his whopping pay deal is to deliver a million AI bots over the next decade.,251109,규영
dexterity,the ability to use your hands or body skillfully and quickly.,"Forrester analyst Brian Hopkins said the falling costs of components, combined with improvements to robot dexterity and AI, was helping to make humanoid robots feasible for a variety of different settings.",251109,규영
major blow,"an idiomatic expression that means a serious setback, loss, or negative impact — often sudden and significant.",Iranian officials have confirmed the facilities were struck but denied it had suffered a major blow.,251106,병찬
enrichment,"the process of improving, enhancing, or adding value to something, often by making it more meaningful, interesting, or beneficial.",One of the targets was Fordo - a uranium enrichment plant hidden in a remote mountainside that is vital to Iran's nuclear ambitions,251106,병찬
Watchdog,"an organization or person that monitors and oversees others to ensure proper behavior, especially to prevent wrongdoing or abuse of power.",Both Saudi Arabia and the UN's nuclear watchdog the International Atomic Energy Agency (IAEA) say there has been no increase in radiation levels after the attack.,251106,병찬
Self-imposed,"Decided or applied by oneself, not by an external authority.","As his self-imposed July 9 deadline for deals approaches with few new agreements in place, Trump has threatened to raise tariffs again.",251106,병찬
stockpile,To accumulate a large reserve of goods for future use.,"And businesses often stockpile inventory ahead of tariffs, delaying cost increases for themselves and for customers.",251106,병찬
Level the playing field,To create fair conditions where no side has an unfair advantage.,"Trump’s tariffs are intended to “level the playing field for American industries and workers,” Desai said.",251106,병찬
start off,To put something into effect or follow through with a task or responsibility.,"Usually, people start off wanting the former and end up wanting the latter",251106,병찬
outlier,a person or thing differing from all other members of a particular group or set,Here are 13 thoughts about how to achieve such outlier success.,251106,병찬
Compound,to form (something) by combining separate things,Isn't that a compound word?,251106,병찬
fraught,adj. causing or having a lot of emotional stress or worry; anxious,Donald Trump has taken a dramatic step to insert the US into the fraught conflict between Iran and Israel.,251106,규영
aftermath,"The period or consequences following a significant, usually unpleasant event.",In the immediate aftermath of the strikes,251106,규영
rail,verb. To complain angrily or criticize strongly about something.,Saturday's attack was an aggressive move for a president who boasted of starting no new wars during his first presidential term and who regularly railed against predecessors who had drawn the country into foreign conflicts on the campaign trail last year.,251106,규영
distinguished,adj. known by many people because of some quality or achievement,"Ali Saidi, a distinguished engineer at AWS",251106,규영
liken,Verb. To say that someone or something is similar to another person or thing.,"Ali Saidi, a distinguished engineer at AWS, likened the speed to a machine reading 100 music CDs a second.",251106,규영
outpacing,To move or develop faster than someone or something else.,The demand for these chips is already outpacing supply,251106,규영
excel,To be very good at something; to do something better than most people.,"One of the great joys in life is finding your purpose, excelling at it, and discovering that your impact matters to something larger than yourself",251106,규영
Disservice,An action that harms or damages someone or something; the opposite of a service or help.,I think people who pretend you can be super successful professionally without working most of the time (for some period of your life) are doing a disservice.,251106,규영
Eminent,"Very famous, respected, or distinguished within a particular profession or area; outstanding or noteworthy.","A special case of developing a network is finding someone eminent to take a bet on you,",251106,규영
Strive to,To try very hard to achieve or accomplish something,Striving to be a top performer at something can help encourage you and your team to create your best work and achieve your goals.,251026,병찬
In a structured way,"to do something in an organized, systematic, and intentional manner — rather than randomly or informally.","Some businesses encourage competition in a structured way by publicly or privately ranking employees, posting performance metrics or giving rewards to top performers.",251026,병찬
rationale,"the reasoning or explanation behind a decision, belief, or action. It explains why something is done or thought in a particular way.",Providing your rationale for introducing competition to the workplace also opens a discussion among your team and gives them the chance to ask questions and address any concerns they have.,251026,병찬
Carrying out,To put something into effect or follow through with a task or responsibility.,Carrying out an analysis of your company's strengths and weaknesses will allow you to identify what gaps you need to cover,251026,병찬
filters out,"remove or block unwanted parts from something, usually to leave only what is relevant, useful, or needed.","A well-written job offer not only attracts the best candidates, but it also filters out those that don't fit the profile sought.",251026,병찬
disposition,"Personality / Temperament
→ A person’s usual mood or behavior tendency.",Your attitude and disposition: Does it fit the company culture?,251026,병찬
fruition,"The point at which a plan, project, or idea is successfully completed and produces the desired result.","The tech giant used the stage to unveil features across all its most popular products, even bringing AI experiments that were previously announced to fruition.",251026,규영
be promising,"Showing signs of future success, good results, or positive development.","Some of the updates were really promising, including the incorporation of Project Mariner, a research prototype built on Gemini 2.0 that can automate tasks in your browser and will be able to purchase tickets and book reservations on your behalf.",251026,규영
roundup,"A summary or collection of information, events, or items gathered together, often highlighting the most important points.",We have reached the part of the roundup where the value of the announcements is measured by how transformational they will be in the future.,251026,규영
impending,about to happen very soon,A commonly proposed solution for an impending era of technological unemployment is government-granted universal basic income (UBI).,251026,규영
tacit,Expressed or understood without being directly stated; implied.,AI tools could capture the tacit knowledge visible to you every day and turn it into your personal data moat.,251026,규영
unfathomable,Adjective. impossible to understand or impossible to measure the extent of.,"You could be the owner of a business, deploying AI you control on data you own to solve problems that feel unfathomable to you today.",251026,규영
break down,"To analyze or explain something in smaller, simpler parts.","In this article, we’ll break down Perplexity AI vs ChatGPT and highlight their pros and cons to help you decide which one is right for you.",250928,병찬
Pull something from,"means to take, extract, or retrieve something from a source.","You can customize your search to pull results from specific sources, making it easier to find exactly what you need.",250928,병찬
Group something into,"organize or classify things by putting them into categories, sets, or groups based on shared characteristics.","You can group searches into collections, making it easier to keep track of information for ongoing projects, research papers, or personal reference.",250928,병찬
X for X,"This format is typically used to compare two things on the basis of equal units — like per gram, per dollar, per mile, etc.","Some people think starchy foods are fattening, but gram for gram the carbohydrate they contain provides fewer than half the calories of fat.",250928,병찬
a portion of,"means a part or section of a whole. It’s often used when talking about quantities, groups, time, food, or resources.","Eat more fish, including a portion of oily fish",250928,병찬
fizzy drinks,"beverages that are carbonated, meaning they contain bubbles of carbon dioxide gas. They're also known as soft drinks or soda in many English-speaking countries.",sugary fizzy drinks,250928,병찬
storied (career),"A career that is famous or well-known, often because it includes many notable achievements, events, or has a long and distinguished history.","With such a storied career under his belt, it’s no surprise investors of all ages attend Berkshire Hathaway’s annual shareholder meeting year after year to hear the Oracle of Omaha speak.",250928,규영
championed (Champion),"to fight or speak publicly in support of (a person, belief, cause, etc.)",Buffett has famously championed a long-term strategy of buying and holding stocks,250928,규영
speculative,an investment involving a high risk of loss,"rather than trying to time the market or get rich quickly on newer, more speculative investments like cryptocurrency.",250928,규영
bandwagon,"A popular activity, idea, or trend that many people start to support or follow — often just because others are doing it.",While many big-name companies are taking advantage of current labor conditions to hop on the highly-publicized RTO bandwagon,250928,규영
be stationed in,"To be placed or assigned to live and work in a specific location, usually for a job, often in the military or a company.","While I was stationed in [South] Korea on a remote tour, I met a few people that hated it because they missed their families and never went far from the base.",250928,규영
pronounced,Very noticeable or clear; something that stands out a lot.,This preference for remote work is particularly pronounced among certain demographics.,250928,규영
Take on responsibility,"Accept and begin handling a task, role, or duty",help you take on more responsibility at work and move your career forward.,250914,병찬
Bettering,"present participle or gerund form of the verb ""to better,"" which means to improve — whether it's yourself, someone else, a situation, or performance",She’s dedicated to bettering herself through study and self-discipline.,250914,병찬
In that way,"phrase used to refer to a specific method, manner, or reason previously mentioned. It often means ""by doing so"", ""as a result"", or ""like that"", depending on context.","After improving yourself in that way, you may find that you can help mediate parties with different opinions.",250914,병찬
a sense of,"a feeling, awareness, or impression of something. It’s commonly used to describe internal experiences or perceptions—emotions, attitudes, or even physical states.",A job may be important for a sense of purpose since it can provide goals to work toward each day and an income to support you financially,250914,병찬
good fit,"something or someone matches well with another thing — in terms of style, needs, values, skills, or purpose. It’s commonly used in both personal and professional contexts.",Is this job a good fit for yourself and your family?,250914,병찬
Resonate,"often used to describe something that deeply connects, emotionally or intellectually, with someone.",Ask yourself why they appeal to you and choose one that most resonates with you,250914,병찬
heartfelt,Sincerely and strongly felt; deeply and genuinely expressed.,"Writing a professional, clear and heartfelt thank you message after a second interview can improve your chances of getting the job.",250914,병찬
reiterate,repeat something clearly and firmly,A thank you email after a second interview is an excellent opportunity for a potential candidate to reiterate their interest in the position and the company.,250914,병찬
deliberate on,"To think about or discuss something very carefully, especially before making a decision.",Sending the email will not only show your keenness towards the opportunity but will also keep you at the forefront of the interviewer's memory when they deliberate on candidate selection.,250914,병찬
halt,to stop (something or someone) from moving or continuing,"It did, however, point to an update to the Model Y during the quarter that temporarily halted production at all four of its factories for several weeks.",250914,규영
be poised to,"to be ready or prepared to do something, or to be in a position where something is likely to happen soon.",Tesla is poised to lose that title in 2025,250914,규영
susceptible,"Likely to be influenced, affected, or harmed by something.",She highlighted how AI systems could be susceptible to biases,250914,규영
Panacea,A solution or remedy for all problems or difficulties; something that is believed to solve everything.,There is a potential risk that AI is going to be seen as a panacea to some of those very big problems,250914,규영
cutting edge,The most advanced and newest stage in the development of something.,We will harness cutting-edge technology to transform social care,250914,규영
X in X,"X out of every X, or xx%. It is a common way to express proportions or statistics in a clear and relatable way.",Seven in 10 people around us have done something nice … in the past month.,250907,병찬
is down from a spike,"that something (like a number, rate, or level) has decreased after previously rising sharply. A “spike” refers to a sudden and noticeable increase, and “is down” means it has fallen since that high point.",This trend of doing kind things is down from a spike during the Covid-19 pandemic,250907,병찬
Follow through,"a phrasal verb that means to complete something you started or carry out a plan, task, or promise to the end. It emphasizes seeing things through to completion.",She always follows through on her commitments.,250907,병찬
agitation,"means a state of nervousness, restlessness, or excitement — often caused by worry, anger, or anxiety.","It’s a label for physical agitation in the body and a way of thinking that distorts things to look negative, pessimistic, and hopeless.",250907,병찬
distort,"means to twist or change something out of its original, true, or natural shape, meaning, or condition. It can refer to physical appearance, facts, sound, or even the truth.","It’s a label for physical agitation in the body and a way of thinking that distorts things to look negative, pessimistic, and hopeless.",250907,병찬
Being driven by,"means that a person’s actions, thoughts, or motivations are strongly influenced or controlled by something — like an emotion, goal, or external factor.",it is absolutely possible to live in this world without being driven by it.,250907,병찬
Lingering,lasting for a long time or slow to end,The cold is lingering[dragging] on a very long time,250907,규영
Reciprocal,"used to describe a relationship in which two people or groups agree to do something similar foreach other, to allow each other to have the same rights, etc.",Trump outlining a plan for “reciprocal tariffs” on countries that have tariffs on US goods,250907,규영
Elaborate,"to give more details about something, to discuss something more fully","While Buffett didn’t elaborate on his comment about tariffs being an act of war,",250907,규영
Hasten,"1. to move or act quickly
2. to cause (something) to happen more quickly","Not spending enough time in the two deep stages of sleep may hasten the deterioration of parts of the brain associated with Alzheimer’s disease, a new study found.",250907,규영
deterioration,"the process of becoming worse in condition, quality, or function over time.","Not spending enough time in the two deep stages of sleep may hasten the deterioration of parts of the brain associated with Alzheimer’s disease, a new study found.",250907,규영
Optimal,Best or most effective,Make sure your sleeping environment is optimal,250907,규영
storied career,"A career that is famous or well-known, often because it includes many notable achievements, events, or has a long and distinguished history.","With such a storied career under his belt, it’s no surprise investors of all ages attend Berkshire Hathaway’s annual shareholder meeting year after year to hear the Oracle of Omaha speak.",250518,규영
championed,"to fight or speak publicly in support of (a person, belief, cause, etc.)",Buffett has famously championed a long-term strategy of buying and holding stocks,250518,규영
Affirmation,a positive statement or declaration that something is true. It is often used to promote self-empowerment and positive thinking.,They’re positive affirmations that can be a powerful tool in helping to shape your outlook.,250309,병찬
Be stuck at,"can describe a situation where someone is unable to move forward or make progress, either physically or metaphorically.","""stuck at home with nothing to do” can be reframed as being “safe at home with an opportunity to connect with my family.",250309,병찬
Get caught in,"becoming unexpectedly involved in or trapped by a situation, often without intention or desire. This can apply to both literal and figurative contexts.",It’s easy to get caught in a spiral of anxious thoughts about the future.,250309,병찬
abolish,"to officially end or stop (something, such as a law); to completely do away with (something)",We must abolish[get rid of] all inefficient routines.,250309,규영
be riddled with,"To be full of or covered with something, especially something undesirable or harmful.",It sounds great. But it’s riddled with problems.,250309,규영
inaugural address,A formal speech given by a person when they officially take office or start an important role.,It got a mention in Trump’s inaugural address and was included in one of the first executive orders Trump signed on his first day in office.,250309,규영
Be coming to grips,"gradually understanding, accepting, or dealing with a difficult situation or problem. It suggests an ongoing process of learning, adjusting, or managing something challenging.",Silicon Valley is coming to grips this week with the realization that creating an advanced artificial intelligence model may no longer be as specialized a task as was once believed.,250209,병찬
throw more resources,"to allocate or invest additional resources (such as money, time, people, or effort) into something in an attempt to improve or solve a problem. It often implies an urgent or reactive approach to dealing with challenges.",they could throw more resources at the problem than anyone else and come out on top.,250209,병찬
Be committed to,"to be dedicated, devoted, or fully engaged in doing something. It expresses a strong promise, responsibility, or determination to achieve a goal or fulfill an obligation.",We’re committed to moving really quickly here. We want to stay ahead.,250209,병찬
Reminiscent,"Adj. reminding you of someone or something else, similar to something else",The first punches have been thrown between the United States and China in what could amount to a short-lived trade dispute with limited economic fallout or the start of yet another lengthy and painful trade war reminiscent of President Donald Trump’s first term.,250209,규영
retaliate,"to do something bad to someone who has hurt you or treated you badly, to get revenge against someone",China retaliate with higher tariffs on US goods,250209,규영
Implication,a possible future effect or result,adverse implications for US employment and growth,250209,규영
Breakthrough,"a sudden increase in knowledge, understanding,",This discovery was perceived as a major breakthrough.,250202,규영
Sanction,to give official approval or permission for an action,it could sanction its way to dominance in a key technology,250202,규영
invincibility,"impossible to defeat or overcome,","DeepSeek has called into question that notion, and threatened the aura of invincibility surrounding America’s technology industry",250202,규영
